{
  "val": {
    "precision": 0.0,
    "recall": 0,
    "f1": 0,
    "accuracy": 0.0,
    "TP": 0,
    "FP": 6,
    "FN": 0,
    "TN": 0
  },
  "test": {
    "precision": 0.7142857142857143,
    "recall": 1.0,
    "f1": 0.8333333333333333,
    "accuracy": 0.7142857142857143,
    "TP": 5,
    "FP": 2,
    "FN": 0,
    "TN": 0
  }
}