{
  "EAR_threshold": 0.2,
  "EAR_metrics": {
    "precision": 0.6666666666666666,
    "recall": 0.7142857142857143,
    "f1": 0.689655172413793,
    "TP": 10,
    "FP": 5,
    "FN": 4
  },
  "MAR_threshold": 0.6,
  "MAR_metrics": {
    "precision": 0.4897959183673469,
    "recall": 1.0,
    "f1": 0.6575342465753424,
    "TP": 24,
    "FP": 25,
    "FN": 0
  },
  "HTR_threshold": 0.5,
  "HTR_metrics": {
    "precision": 0.22448979591836735,
    "recall": 1.0,
    "f1": 0.36666666666666664,
    "TP": 11,
    "FP": 38,
    "FN": 0
  }
}
