{
  "EAR_threshold": 0.3759546116199386,
  "MAR_threshold": 0.1890688838015005,
  "HTR_threshold": 0.013294882123557058,
  "EAR_metrics": {
    "precision": 0.6296296296296297,
    "recall": 0.9444444444444444,
    "f1": 0.7555555555555556,
    "TP": 17,
    "FP": 10,
    "FN": 1
  },
  "MAR_metrics": {
    "precision": 0.9333333333333333,
    "recall": 0.7777777777777778,
    "f1": 0.8484848484848485,
    "TP": 14,
    "FP": 1,
    "FN": 4
  },
  "HTR_metrics": {
    "precision": 0.5806451612903226,
    "recall": 1.0,
    "f1": 0.7346938775510204,
    "TP": 18,
    "FP": 13,
    "FN": 0
  }
}